#,Sección,Carpeta,Nombre de archivo,Ruta completa,Proporción,Ancho,Qué fotografiar,Alt (ES),Alt (EN)
1,Hero (portada),00-hero,raices-del-mar-villa-boutique-holbox-amanecer.jpg,fotos/00-hero/raices-del-mar-villa-boutique-holbox-amanecer.jpg,16:9,2400 px,Casa + vegetación + mar con luz de amanecer,"Villa boutique Raíces del Mar en Holbox al amanecer, entre vegetación y mar","Raíces del Mar boutique villa in Holbox at dawn, between vegetation and sea"
2,La casa · foto grande,01-casa,villa-boutique-holbox-fachada-vegetacion.jpg,fotos/01-casa/villa-boutique-holbox-fachada-vegetacion.jpg,4:5,1600 px,"Fachada y vegetación, luz de mañana",Fachada de la villa boutique en Holbox rodeada de vegetación,Facade of the boutique villa in Holbox surrounded by vegetation
3,La casa · foto cuadrada,01-casa,puerta-abierta-villa-raices-del-mar-holbox.jpg,fotos/01-casa/puerta-abierta-villa-raices-del-mar-holbox.jpg,1:1,1400 px,Una puerta abierta,Puerta abierta de la villa Raíces del Mar en Holbox,Open door at the Raíces del Mar villa in Holbox
4,La casa · foto vertical,01-casa,terraza-sombra-villa-boutique-holbox.jpg,fotos/01-casa/terraza-sombra-villa-boutique-holbox.jpg,3:4,1400 px,Sombra en la terraza,Terraza en sombra de la villa boutique en Holbox,Shaded terrace of the boutique villa in Holbox
5,Aquí · foto horizontal,02-aqui,bicicleta-calle-de-arena-holbox.jpg,fotos/02-aqui/bicicleta-calle-de-arena-holbox.jpg,16:10,2000 px,"Bicicleta contra una pared, con sombra",Bicicleta apoyada en una pared en una calle de arena de Holbox,Bicycle leaning against a wall on a sand street in Holbox
6,Aquí · foto vertical,02-aqui,mar-de-holbox-mediodia.jpg,fotos/02-aqui/mar-de-holbox-mediodia.jpg,3:4,1400 px,"El agua a mediodía, reflejos y horizonte","Mar de Holbox a mediodía, con reflejos y horizonte","The sea in Holbox at midday, with reflections and horizon"
7,Un día · foto ancha,03-un-dia,lino-toalla-arena-holbox.jpg,fotos/03-un-dia/lino-toalla-arena-holbox.jpg,16:9,2000 px,"Cuerpo: pies descalzos, lino, toalla, arena",Toalla de lino sobre la arena en Holbox,Linen towel on the sand in Holbox
8,Espacio 01,04-espacios,espacio-01-villa-boutique-holbox-luz-de-manana.jpg,fotos/04-espacios/espacio-01-villa-boutique-holbox-luz-de-manana.jpg,4:5,1600 px,"Espacio 01, luz de mañana",Interior de la villa boutique en Holbox con luz de mañana,Interior of the boutique villa in Holbox in morning light
9,Espacio 02,04-espacios,espacio-02-villa-boutique-holbox-sombra-de-tarde.jpg,fotos/04-espacios/espacio-02-villa-boutique-holbox-sombra-de-tarde.jpg,4:5,1600 px,"Espacio 02, sombra de tarde",Espacio de la villa boutique en Holbox con sombra de tarde,Space in the boutique villa in Holbox in afternoon shade
10,Espacio 03,04-espacios,espacio-03-villa-boutique-holbox-ventana-al-mar.jpg,fotos/04-espacios/espacio-03-villa-boutique-holbox-ventana-al-mar.jpg,4:5,1600 px,"Espacio 03, ventana al mar",Ventana con vista al mar en la villa boutique de Holbox,Window overlooking the sea in the boutique villa in Holbox
11,Galería · 1,05-galeria,pies-en-la-arena-playa-holbox.jpg,fotos/05-galeria/pies-en-la-arena-playa-holbox.jpg,4:5,1400 px,Pies en la arena,Pies descalzos en la arena de una playa de Holbox,Bare feet on the sand of a Holbox beach
12,Galería · 2,05-galeria,piel-con-sal-mar-holbox.jpg,fotos/05-galeria/piel-con-sal-mar-holbox.jpg,1:1,1400 px,Piel con sal,Piel con sal después del mar en Holbox,Salt-covered skin after the sea in Holbox
13,Galería · 3,05-galeria,ducha-despues-del-mar-holbox.jpg,fotos/05-galeria/ducha-despues-del-mar-holbox.jpg,3:4,1400 px,La ducha después del mar,Ducha después del mar en Holbox,Shower after the sea in Holbox
14,Galería · 4,05-galeria,copa-atardecer-holbox-raices-del-mar.jpg,fotos/05-galeria/copa-atardecer-holbox-raices-del-mar.jpg,5:4,1600 px,Una copa al final de la tarde,"Copa al atardecer en Raíces del Mar, Holbox","A glass at sunset at Raíces del Mar, Holbox"
15,Galería · 5,05-galeria,ventana-abierta-villa-holbox.jpg,fotos/05-galeria/ventana-abierta-villa-holbox.jpg,3:4,1400 px,La ventana abierta,Ventana abierta de la villa en Holbox,Open window of the villa in Holbox
16,Galería · 6,05-galeria,ultimo-sol-atardecer-holbox.jpg,fotos/05-galeria/ultimo-sol-atardecer-holbox.jpg,4:5,1400 px,El último sol,Último sol del atardecer en Holbox,Last sunlight at sunset in Holbox
+,Hero (video opcional),00-hero,raices-del-mar-holbox-hero.mp4,fotos/00-hero/raices-del-mar-holbox-hero.mp4,16:9,1080p,Video 10-15 s sin audio,,
