slot (clave en el sitio),carpeta,archivo,formato,tamaño,que fotografiar,URL de HubSpot (pegar aquí)
hero,00-hero,hero.jpg,16:9 (composición centrada; en móvil se recorta al centro),2400 px de ancho,"Hero. Video o foto de la casa + vegetación + mar con luz de amanecer. Imperfecciones reales, nada de stock.",
casa-a,01-casa,casa-a.jpg,4:5 vertical,1600 px de ancho,"Fachada y vegetación, luz de mañana.",
casa-b,01-casa,casa-b.jpg,1:1 cuadrada,1400 px de ancho,Una puerta abierta.,
casa-c,01-casa,casa-c.jpg,3:4 vertical,1400 px de ancho,"Sombra en la terraza, después del calor.",
aqui-a,02-aqui,aqui-a.jpg,16:10 horizontal,2000 px de ancho,"Holbox: bicicleta contra una pared, con sombra.",
aqui-b,02-aqui,aqui-b.jpg,3:4 vertical,1400 px de ancho,"El agua a mediodía (reflejos, horizonte).",
dia-wide,03-un-dia,dia-wide.jpg,16:9 horizontal,2000 px de ancho,"Cuerpo: pies descalzos, lino, toalla, arena.",
espacio-01,04-espacios,espacio-01.jpg,4:5 vertical,1600 px de ancho,"Espacio 01 con luz de mañana. Cómo se siente estar dentro, no solo el cuarto.",
espacio-02,04-espacios,espacio-02.jpg,4:5 vertical,1600 px de ancho,Espacio 02 con sombra de tarde.,
espacio-03,04-espacios,espacio-03.jpg,4:5 vertical,1600 px de ancho,Espacio 03 con ventana al mar.,
gal-1,05-galeria,gal-1.jpg,4:5 vertical,1400 px de ancho,Pies en la arena.,
gal-2,05-galeria,gal-2.jpg,1:1 cuadrada,1400 px de ancho,Piel con sal.,
gal-3,05-galeria,gal-3.jpg,3:4 vertical,1400 px de ancho,La ducha después del mar.,
gal-4,05-galeria,gal-4.jpg,5:4 horizontal,1600 px de ancho,Una copa al final de la tarde.,
gal-5,05-galeria,gal-5.jpg,3:4 vertical,1400 px de ancho,La ventana abierta.,
gal-6,05-galeria,gal-6.jpg,4:5 vertical,1400 px de ancho,El último sol.,
heroVideo,00-hero,hero.mp4,16:9,"1080p, ≤6 MB","Video opcional del hero, sin audio",
